{
  "cleaning": {
    "initial_rows": 284807,
    "initial_cols": [
      "Time",
      "V1",
      "V2",
      "V3",
      "V4",
      "V5",
      "V6",
      "V7",
      "V8",
      "V9",
      "V10",
      "V11",
      "V12",
      "V13",
      "V14",
      "V15",
      "V16",
      "V17",
      "V18",
      "V19",
      "V20",
      "V21",
      "V22",
      "V23",
      "V24",
      "V25",
      "V26",
      "V27",
      "V28",
      "Amount",
      "Class"
    ],
    "missing_values": 0,
    "duplicates_removed": 9144,
    "after_duplicates": 275663,
    "outliers_removed": 36686,
    "feature_cols": [
      "V1",
      "V3",
      "V4",
      "V5",
      "V6",
      "V7",
      "V8",
      "V9",
      "V10",
      "V11",
      "V12",
      "V13",
      "V14",
      "V15",
      "V16",
      "V17",
      "V18",
      "V19",
      "V20",
      "V21",
      "V22",
      "V23",
      "V24",
      "V25",
      "V26",
      "V27",
      "V28",
      "Amount"
    ],
    "final_rows": 238977
  },
  "class_counts": {
    "0": 238504,
    "1": 473
  },
  "corr_pairs": [
    [
      "V21",
      "V22",
      0.5748107735543205
    ],
    [
      "V27",
      "V28",
      0.5217850377614013
    ]
  ],
  "balance": {
    "Sem balanceamento": {
      "0": 190803,
      "1": 378
    },
    "TomekLinks": {
      "0": 190799,
      "1": 378
    },
    "SMOTE": {
      "0": 190803,
      "1": 190803
    },
    "Tomek+SMOTE": {
      "0": 190799,
      "1": 190799
    }
  },
  "models": [
    {
      "scenario": "Sem balanceamento",
      "accuracy": 0.9995606326889279,
      "precision": 1.0,
      "recall": 0.7789473684210526,
      "f1": 0.8757396449704142,
      "confusion": [
        [
          47701,
          0
        ],
        [
          21,
          74
        ]
      ],
      "report": {
        "0": {
          "precision": 0.9995599513851054,
          "recall": 1.0,
          "f1-score": 0.9997799272712029,
          "support": 47701.0
        },
        "1": {
          "precision": 1.0,
          "recall": 0.7789473684210526,
          "f1-score": 0.8757396449704142,
          "support": 95.0
        },
        "accuracy": 0.9995606326889279,
        "macro avg": {
          "precision": 0.9997799756925527,
          "recall": 0.8894736842105263,
          "f1-score": 0.9377597861208086,
          "support": 47796.0
        },
        "weighted avg": {
          "precision": 0.9995608260319048,
          "recall": 0.9995606326889279,
          "f1-score": 0.9995333830662784,
          "support": 47796.0
        }
      }
    },
    {
      "scenario": "TomekLinks",
      "accuracy": 0.9996443217005607,
      "precision": 1.0,
      "recall": 0.8210526315789474,
      "f1": 0.9017341040462428,
      "confusion": [
        [
          47701,
          0
        ],
        [
          17,
          78
        ]
      ],
      "report": {
        "0": {
          "precision": 0.9996437403076407,
          "recall": 1.0,
          "f1-score": 0.9998218384179252,
          "support": 47701.0
        },
        "1": {
          "precision": 1.0,
          "recall": 0.8210526315789474,
          "f1-score": 0.9017341040462428,
          "support": 95.0
        },
        "accuracy": 0.9996443217005607,
        "macro avg": {
          "precision": 0.9998218701538204,
          "recall": 0.9105263157894736,
          "f1-score": 0.950777971232084,
          "support": 47796.0
        },
        "weighted avg": {
          "precision": 0.9996444484144023,
          "recall": 0.9996443217005607,
          "f1-score": 0.9996268778612821,
          "support": 47796.0
        }
      }
    },
    {
      "scenario": "SMOTE",
      "accuracy": 0.9093229558958908,
      "precision": 0.020583578375933047,
      "recall": 0.9578947368421052,
      "f1": 0.04030115146147033,
      "confusion": [
        [
          43371,
          4330
        ],
        [
          4,
          91
        ]
      ],
      "report": {
        "0": {
          "precision": 0.9999077809798271,
          "recall": 0.9092262216725017,
          "f1-score": 0.9524133690544161,
          "support": 47701.0
        },
        "1": {
          "precision": 0.020583578375933047,
          "recall": 0.9578947368421052,
          "f1-score": 0.04030115146147033,
          "support": 95.0
        },
        "accuracy": 0.9093229558958908,
        "macro avg": {
          "precision": 0.51024567967788,
          "recall": 0.9335604792573035,
          "f1-score": 0.4963572602579432,
          "support": 47796.0
        },
        "weighted avg": {
          "precision": 0.9979612624584577,
          "recall": 0.9093229558958908,
          "f1-score": 0.9506004420171885,
          "support": 47796.0
        }
      }
    },
    {
      "scenario": "Tomek+SMOTE",
      "accuracy": 0.9549543894886602,
      "precision": 0.03980322003577817,
      "recall": 0.9368421052631579,
      "f1": 0.07636207636207636,
      "confusion": [
        [
          45554,
          2147
        ],
        [
          6,
          89
        ]
      ],
      "report": {
        "0": {
          "precision": 0.9998683055311677,
          "recall": 0.9549904614159033,
          "f1-score": 0.9769142514019794,
          "support": 47701.0
        },
        "1": {
          "precision": 0.03980322003577817,
          "recall": 0.9368421052631579,
          "f1-score": 0.07636207636207636,
          "support": 95.0
        },
        "accuracy": 0.9549543894886602,
        "macro avg": {
          "precision": 0.5198357627834729,
          "recall": 0.9459162833395306,
          "f1-score": 0.5266381638820279,
          "support": 47796.0
        },
        "weighted avg": {
          "precision": 0.997960066701097,
          "recall": 0.9549543894886602,
          "f1-score": 0.9751243012674747,
          "support": 47796.0
        }
      }
    }
  ],
  "clustering": [
    {
      "algorithm": "KMeans",
      "params": {
        "n_clusters": 2
      },
      "silhouette": 0.06631427355989863,
      "davies_bouldin": 3.9235810551640027,
      "calinski_harabasz": 2214.8514845798895,
      "n_clusters": 2,
      "noise_ratio": null
    },
    {
      "algorithm": "DBSCAN",
      "params": {
        "eps": 1.6,
        "min_samples": 10
      },
      "silhouette": 0.1461169438772722,
      "davies_bouldin": 1.239497992109749,
      "calinski_harabasz": 221.20398660425212,
      "n_clusters": 152,
      "noise_ratio": 0.6136
    },
    {
      "algorithm": "SOM",
      "params": {
        "grid": "1x2",
        "iterations": 800
      },
      "silhouette": 0.03900037133139597,
      "davies_bouldin": 5.075692629892714,
      "calinski_harabasz": 1328.1208830165742,
      "n_clusters": 2,
      "noise_ratio": null
    }
  ]
}